cell_id,latitude,longitude,min_distance_to_known_deposit_km,structural_density,lineament_density,lithology_favorability,spectral_alteration_index,elevation_m,slope_deg,ndvi,ndwi,land_surface_temp_c,soil_moisture,bare_soil_index,ground_truth_probability,mineralized_target
CELL_0001,21.78,79.76,10.68,0.347,0.291,0.182,0.282,308.8,11.1,0.306,0.006,35.7,0.307,0.731,0.03,0
CELL_0002,21.78,79.76737,10.32,0.167,0.05,0.347,0.283,321.1,2.4,0.267,0.068,34.3,0.361,0.721,0.03,0
CELL_0003,21.78,79.77474,10.02,0.212,0.248,0.193,0.283,313.7,10.7,0.277,-0.002,37.2,0.305,0.768,0.03,0
CELL_0004,21.78,79.78211,9.77,0.226,0.196,0.515,0.329,310.1,6.8,0.225,-0.056,36.7,0.259,0.669,0.03,0
CELL_0005,21.78,79.78947,9.59,0.223,0.461,0.073,0.212,318.3,9.5,0.393,-0.041,37.0,0.353,0.643,0.03,0
CELL_0006,21.78,79.79684,9.48,0.411,0.364,0.169,0.441,315.4,13.1,0.27,-0.041,38.0,0.238,0.761,0.03,0
CELL_0007,21.78,79.80421,9.44,0.052,0.05,0.497,0.347,330.7,2.8,0.301,0.012,37.8,0.402,0.699,0.03,0
CELL_0008,21.78,79.81158,9.13,0.332,0.245,0.341,0.274,329.3,9.3,0.416,-0.129,35.6,0.254,0.614,0.03,0
CELL_0009,21.78,79.81895,8.65,0.32,0.347,0.341,0.364,288.3,5.8,0.334,0.025,38.5,0.345,0.654,0.03,0
CELL_0010,21.78,79.82632,8.23,0.158,0.128,0.273,0.453,303.8,6.1,0.377,0.009,36.9,0.312,0.615,0.03,0
CELL_0011,21.78,79.83368,7.87,0.318,0.356,0.382,0.34,305.0,3.6,0.433,0.044,37.2,0.309,0.525,0.033,0
CELL_0012,21.78,79.84105,7.58,0.273,0.292,0.158,0.369,301.7,9.0,0.438,-0.038,39.1,0.196,0.65,0.03,0
CELL_0013,21.78,79.84842,7.37,0.215,0.33,0.088,0.213,306.0,3.5,0.487,0.032,39.0,0.261,0.533,0.03,0
CELL_0014,21.78,79.85579,7.25,0.43,0.526,0.187,0.262,323.8,12.1,0.457,-0.075,35.6,0.242,0.584,0.04,0
CELL_0015,21.78,79.86316,7.22,0.282,0.282,0.322,0.359,310.8,7.4,0.447,-0.051,36.7,0.29,0.498,0.03,0
CELL_0016,21.78,79.87053,7.28,0.195,0.322,0.31,0.367,307.4,6.0,0.545,0.022,38.5,0.298,0.358,0.03,0
CELL_0017,21.78,79.87789,7.43,0.318,0.332,0.519,0.292,316.1,10.4,0.483,-0.031,38.8,0.241,0.472,0.056,0
CELL_0018,21.78,79.88526,7.66,0.389,0.433,0.181,0.201,319.4,8.7,0.495,-0.044,35.7,0.294,0.476,0.03,0
CELL_0019,21.78,79.89263,7.98,0.296,0.306,0.274,0.351,307.2,6.6,0.431,0.018,39.1,0.324,0.543,0.03,0
CELL_0020,21.78,79.9,8.36,0.421,0.485,0.308,0.32,311.8,8.1,0.316,-0.04,35.6,0.272,0.703,0.038,0
CELL_0021,21.78632,79.76,10.06,0.286,0.359,0.02,0.152,312.2,5.0,0.121,-0.088,37.8,0.315,0.95,0.03,0
CELL_0022,21.78632,79.76737,9.68,0.352,0.361,0.325,0.342,321.6,7.4,0.313,-0.059,37.9,0.222,0.629,0.03,0
CELL_0023,21.78632,79.77474,9.36,0.35,0.369,0.239,0.208,334.3,15.0,0.239,-0.043,37.2,0.268,0.841,0.03,0
CELL_0024,21.78632,79.78211,9.1,0.24,0.207,0.103,0.351,316.0,7.6,0.333,-0.019,37.3,0.346,0.709,0.03,0
CELL_0025,21.78632,79.78947,8.9,0.35,0.352,0.467,0.202,318.1,10.1,0.269,-0.048,38.1,0.294,0.785,0.03,0
CELL_0026,21.78632,79.79684,8.78,0.18,0.224,0.293,0.357,311.6,7.2,0.336,0.013,37.2,0.363,0.661,0.03,0
CELL_0027,21.78632,79.80421,8.73,0.266,0.232,0.498,0.348,318.9,10.2,0.304,0.064,39.3,0.353,0.716,0.03,0
CELL_0028,21.78632,79.81158,8.59,0.05,0.05,0.249,0.27,308.5,4.3,0.433,0.08,36.0,0.282,0.553,0.03,0
CELL_0029,21.78632,79.81895,8.08,0.27,0.358,0.278,0.189,327.5,6.5,0.409,0.027,38.8,0.325,0.513,0.03,0
CELL_0030,21.78632,79.82632,7.62,0.29,0.167,0.245,0.238,319.6,4.0,0.412,-0.025,37.4,0.234,0.564,0.03,0
CELL_0031,21.78632,79.83368,7.23,0.323,0.506,0.18,0.331,317.6,8.8,0.413,-0.026,40.3,0.261,0.595,0.031,0
CELL_0032,21.78632,79.84105,6.92,0.225,0.403,0.084,0.383,328.1,9.4,0.433,-0.016,35.7,0.294,0.564,0.03,0
CELL_0033,21.78632,79.84842,6.69,0.197,0.274,0.355,0.487,302.1,8.7,0.363,-0.013,38.8,0.198,0.607,0.038,0
CELL_0034,21.78632,79.85579,6.55,0.476,0.448,0.179,0.335,316.6,14.2,0.418,0.046,38.4,0.383,0.553,0.055,0
CELL_0035,21.78632,79.86316,6.52,0.291,0.411,0.407,0.277,327.4,11.2,0.423,0.012,38.0,0.364,0.602,0.06,0
CELL_0036,21.78632,79.87053,6.58,0.492,0.404,0.241,0.473,306.3,11.7,0.465,0.027,37.6,0.285,0.606,0.084,0
CELL_0037,21.78632,79.87789,6.75,0.351,0.328,0.205,0.358,307.9,10.7,0.446,-0.051,38.7,0.235,0.556,0.03,0
CELL_0038,21.78632,79.88526,7.01,0.386,0.55,0.219,0.258,308.4,12.2,0.467,0.024,38.9,0.286,0.551,0.038,0
CELL_0039,21.78632,79.89263,7.35,0.425,0.414,0.276,0.523,314.6,10.3,0.522,-0.008,39.8,0.176,0.483,0.075,0
CELL_0040,21.78632,79.9,7.76,0.226,0.225,0.321,0.202,332.8,8.2,0.383,-0.067,35.9,0.295,0.651,0.03,0
CELL_0041,21.79263,79.76,9.46,0.305,0.254,0.115,0.122,315.2,7.3,0.233,-0.023,37.5,0.325,0.737,0.03,0
CELL_0042,21.79263,79.76737,9.05,0.278,0.334,0.075,0.362,333.9,7.9,0.272,-0.053,39.2,0.343,0.773,0.03,0
CELL_0043,21.79263,79.77474,8.71,0.312,0.45,0.396,0.13,322.1,10.6,0.301,0.013,36.3,0.328,0.689,0.03,0
CELL_0044,21.79263,79.78211,8.43,0.249,0.282,0.147,0.337,311.3,10.9,0.399,-0.018,41.2,0.33,0.604,0.03,0
CELL_0045,21.79263,79.78947,8.22,0.363,0.42,0.139,0.222,323.8,12.5,0.321,-0.113,35.8,0.31,0.576,0.03,0
CELL_0046,21.79263,79.79684,8.08,0.366,0.516,0.239,0.164,327.6,9.9,0.248,0.002,34.0,0.316,0.782,0.03,0
CELL_0047,21.79263,79.80421,8.03,0.291,0.324,0.347,0.387,326.2,8.0,0.306,0.066,39.0,0.353,0.655,0.033,0
CELL_0048,21.79263,79.81158,8.07,0.397,0.337,0.135,0.456,327.0,8.1,0.348,0.027,37.3,0.331,0.66,0.03,0
CELL_0049,21.79263,79.81895,7.53,0.07,0.108,0.247,0.437,317.6,6.9,0.392,0.081,38.6,0.322,0.6,0.03,0
CELL_0050,21.79263,79.82632,7.03,0.237,0.245,0.423,0.252,320.2,10.2,0.432,0.059,38.7,0.35,0.609,0.03,0
CELL_0051,21.79263,79.83368,6.61,0.442,0.417,0.414,0.354,316.6,10.1,0.474,0.049,38.3,0.269,0.542,0.104,0
CELL_0052,21.79263,79.84105,6.26,0.19,0.194,0.171,0.424,310.4,5.6,0.38,-0.055,36.9,0.32,0.69,0.03,0
CELL_0053,21.79263,79.84842,6.01,0.2,0.278,0.181,0.458,310.6,5.0,0.439,0.057,37.6,0.298,0.569,0.03,0
CELL_0054,21.79263,79.85579,5.85,0.21,0.326,0.118,0.322,301.4,6.6,0.425,0.034,37.2,0.291,0.533,0.03,0
CELL_0055,21.79263,79.86316,5.81,0.063,0.085,0.386,0.421,322.9,4.7,0.456,-0.01,36.9,0.243,0.583,0.03,0
CELL_0056,21.79263,79.87053,5.89,0.306,0.411,0.384,0.356,307.5,9.2,0.438,-0.038,38.1,0.299,0.583,0.073,0
CELL_0057,21.79263,79.87789,6.07,0.382,0.445,0.2,0.439,325.3,7.8,0.464,0.013,36.2,0.304,0.465,0.074,0
CELL_0058,21.79263,79.88526,6.36,0.358,0.417,0.247,0.265,327.2,9.0,0.431,0.019,37.8,0.311,0.673,0.044,0
CELL_0059,21.79263,79.89263,6.73,0.379,0.394,0.308,0.352,318.2,11.1,0.476,-0.035,37.6,0.304,0.607,0.057,0
CELL_0060,21.79263,79.9,7.18,0.308,0.368,0.273,0.32,329.1,9.7,0.414,0.017,36.3,0.238,0.636,0.034,0
CELL_0061,21.79895,79.76,8.87,0.35,0.378,0.028,0.249,343.3,7.8,0.206,-0.01,36.0,0.312,0.71,0.03,0
CELL_0062,21.79895,79.76737,8.44,0.362,0.34,0.303,0.162,318.2,8.1,0.355,-0.032,40.3,0.311,0.637,0.03,0
CELL_0063,21.79895,79.77474,8.06,0.298,0.321,0.349,0.399,333.9,5.2,0.232,-0.015,35.9,0.295,0.843,0.037,0
CELL_0064,21.79895,79.78211,7.76,0.251,0.294,0.222,0.26,308.0,10.3,0.328,-0.073,38.8,0.29,0.579,0.03,0
CELL_0065,21.79895,79.78947,7.53,0.431,0.508,0.238,0.294,337.4,8.7,0.315,-0.091,34.8,0.267,0.671,0.052,0
CELL_0066,21.79895,79.79684,7.39,0.206,0.209,0.154,0.359,341.5,6.3,0.368,0.03,37.8,0.342,0.642,0.03,0
CELL_0067,21.79895,79.80421,7.33,0.438,0.474,0.251,0.338,325.0,9.9,0.317,0.031,37.2,0.394,0.693,0.055,0
CELL_0068,21.79895,79.81158,7.37,0.309,0.447,0.439,0.415,325.6,12.0,0.378,-0.025,37.6,0.288,0.654,0.08,0
CELL_0069,21.79895,79.81895,7.0,0.38,0.264,0.171,0.44,324.0,9.3,0.439,-0.056,40.3,0.338,0.488,0.034,0
CELL_0070,21.79895,79.82632,6.47,0.36,0.303,0.357,0.292,337.8,12.8,0.41,-0.055,35.9,0.296,0.611,0.059,0
CELL_0071,21.79895,79.83368,6.0,0.566,0.48,0.37,0.366,308.4,16.9,0.427,-0.045,36.6,0.283,0.563,0.165,0
CELL_0072,21.79895,79.84105,5.62,0.376,0.306,0.34,0.273,312.2,16.8,0.457,-0.11,39.8,0.294,0.579,0.059,0
CELL_0073,21.79895,79.84842,5.33,0.427,0.402,0.212,0.326,323.3,9.7,0.487,-0.067,36.2,0.325,0.533,0.075,0
CELL_0074,21.79895,79.85579,5.16,0.388,0.416,0.067,0.16,338.8,13.8,0.439,-0.055,35.9,0.288,0.597,0.033,0
CELL_0075,21.79895,79.86316,5.11,0.401,0.599,0.485,0.389,332.3,9.3,0.449,0.065,37.8,0.346,0.549,0.289,0
CELL_0076,21.79895,79.87053,5.2,0.379,0.404,0.261,0.535,336.1,9.7,0.478,-0.055,37.6,0.357,0.436,0.151,0
CELL_0077,21.79895,79.87789,5.41,0.445,0.417,0.439,0.507,325.2,7.7,0.423,0.054,37.3,0.241,0.475,0.245,0
CELL_0078,21.79895,79.88526,5.73,0.352,0.416,0.606,0.237,348.2,10.6,0.427,-0.072,35.7,0.199,0.517,0.186,0
CELL_0079,21.79895,79.89263,6.14,0.331,0.438,0.125,0.264,328.5,12.5,0.472,-0.007,37.9,0.275,0.436,0.031,0
CELL_0080,21.79895,79.9,6.63,0.221,0.297,0.408,0.383,333.3,8.4,0.43,-0.017,37.0,0.304,0.557,0.053,0
CELL_0081,21.80526,79.76,8.3,0.195,0.267,0.5,0.312,322.3,8.1,0.303,0.059,36.6,0.299,0.663,0.03,0
CELL_0082,21.80526,79.76737,7.84,0.433,0.548,0.261,0.262,322.7,14.3,0.299,-0.062,35.7,0.272,0.723,0.044,0
CELL_0083,21.80526,79.77474,7.43,0.323,0.272,0.218,0.353,329.9,9.7,0.29,0.038,35.1,0.331,0.727,0.03,0
CELL_0084,21.80526,79.78211,7.1,0.271,0.264,0.289,0.334,355.6,8.9,0.379,0.021,34.0,0.322,0.621,0.036,0
CELL_0085,21.80526,79.78947,6.85,0.373,0.154,0.527,0.424,336.1,8.4,0.382,-0.003,35.3,0.266,0.611,0.099,0
CELL_0086,21.80526,79.79684,6.69,0.312,0.324,0.159,0.192,349.4,8.3,0.272,0.055,36.5,0.33,0.758,0.03,0
CELL_0087,21.80526,79.80421,6.63,0.314,0.416,0.381,0.338,336.3,10.2,0.365,-0.027,36.0,0.269,0.635,0.073,0
CELL_0088,21.80526,79.81158,6.67,0.136,0.265,0.136,0.218,324.8,9.6,0.419,-0.044,37.6,0.23,0.641,0.03,0
CELL_0089,21.80526,79.81895,6.5,0.615,0.604,0.467,0.277,335.0,10.6,0.36,0.05,38.8,0.362,0.675,0.261,0
CELL_0090,21.80526,79.82632,5.93,0.28,0.291,0.332,0.236,357.4,9.0,0.424,-0.043,35.1,0.238,0.618,0.052,0
CELL_0091,21.80526,79.83368,5.42,0.275,0.267,0.371,0.443,335.7,11.7,0.361,-0.03,37.6,0.286,0.694,0.092,0
CELL_0092,21.80526,79.84105,4.99,0.551,0.523,0.459,0.393,351.0,16.2,0.441,-0.049,38.6,0.322,0.571,0.396,0
CELL_0093,21.80526,79.84842,4.66,0.403,0.447,0.314,0.258,325.7,8.9,0.419,-0.022,41.7,0.312,0.609,0.112,0
CELL_0094,21.80526,79.85579,4.46,0.259,0.237,0.483,0.221,354.8,12.1,0.461,-0.045,35.9,0.283,0.61,0.109,0
CELL_0095,21.80526,79.86316,4.41,0.419,0.328,0.463,0.461,330.5,10.6,0.51,-0.005,37.3,0.322,0.599,0.263,0
CELL_0096,21.80526,79.87053,4.51,0.338,0.349,0.17,0.381,332.4,11.3,0.383,-0.006,38.5,0.33,0.617,0.075,0
CELL_0097,21.80526,79.87789,4.75,0.231,0.145,0.351,0.304,331.5,11.1,0.442,-0.015,35.7,0.256,0.565,0.05,0
CELL_0098,21.80526,79.88526,5.11,0.238,0.065,0.302,0.265,336.8,9.6,0.473,0.035,37.0,0.297,0.441,0.031,0
CELL_0099,21.80526,79.89263,5.57,0.406,0.346,0.253,0.369,314.0,11.1,0.433,-0.053,38.7,0.258,0.536,0.069,0
CELL_0100,21.80526,79.9,6.1,0.456,0.408,0.191,0.472,337.8,12.9,0.437,-0.072,35.2,0.266,0.528,0.1,0
CELL_0101,21.81158,79.76,7.75,0.398,0.279,0.02,0.373,338.4,11.1,0.237,0.008,37.0,0.363,0.706,0.03,0
CELL_0102,21.81158,79.76737,7.25,0.404,0.384,0.234,0.106,345.3,6.8,0.296,0.017,35.8,0.233,0.692,0.03,0
CELL_0103,21.81158,79.77474,6.82,0.425,0.438,0.397,0.27,346.1,10.8,0.358,-0.046,38.5,0.236,0.677,0.096,0
CELL_0104,21.81158,79.78211,6.45,0.498,0.501,0.313,0.305,337.5,11.4,0.298,0.023,38.0,0.291,0.634,0.115,0
CELL_0105,21.81158,79.78947,6.18,0.41,0.392,0.172,0.195,369.7,12.7,0.307,-0.07,35.6,0.225,0.753,0.051,0
CELL_0106,21.81158,79.79684,6.0,0.375,0.447,0.197,0.246,348.1,10.5,0.36,0.059,36.7,0.284,0.686,0.055,0
CELL_0107,21.81158,79.80421,5.93,0.315,0.435,0.424,0.424,344.2,9.1,0.329,0.001,36.3,0.287,0.736,0.143,0
CELL_0108,21.81158,79.81158,5.97,0.35,0.415,0.184,0.365,344.2,10.0,0.437,-0.027,35.0,0.336,0.621,0.061,0
CELL_0109,21.81158,79.81895,6.05,0.281,0.322,0.372,0.328,339.9,8.7,0.339,0.049,36.1,0.322,0.661,0.066,0
CELL_0110,21.81158,79.82632,5.43,0.276,0.244,0.252,0.398,342.3,7.7,0.399,0.059,35.2,0.313,0.59,0.057,0
CELL_0111,21.81158,79.83368,4.86,0.415,0.383,0.408,0.37,347.5,10.9,0.363,-0.077,34.2,0.282,0.696,0.203,0
CELL_0112,21.81158,79.84105,4.38,0.47,0.387,0.465,0.513,325.3,11.2,0.326,0.013,37.5,0.321,0.746,0.346,0
CELL_0113,21.81158,79.84842,4.0,0.483,0.43,0.228,0.47,345.2,12.1,0.361,-0.044,37.9,0.285,0.692,0.244,0
CELL_0114,21.81158,79.85579,3.77,0.508,0.579,0.231,0.632,347.3,9.5,0.394,0.011,36.4,0.306,0.576,0.453,0
CELL_0115,21.81158,79.86316,3.71,0.515,0.47,0.322,0.323,336.1,14.9,0.508,-0.1,36.9,0.242,0.439,0.265,0
CELL_0116,21.81158,79.87053,3.83,0.477,0.427,0.333,0.393,333.4,14.6,0.564,-0.039,37.7,0.277,0.456,0.257,0
CELL_0117,21.81158,79.87789,4.11,0.404,0.292,0.257,0.436,323.6,9.0,0.449,0.015,37.2,0.33,0.568,0.13,0
CELL_0118,21.81158,79.88526,4.52,0.344,0.245,0.214,0.351,346.1,8.0,0.412,0.022,35.0,0.303,0.529,0.076,0
CELL_0119,21.81158,79.89263,5.03,0.414,0.347,0.237,0.306,342.0,9.5,0.462,0.037,36.7,0.387,0.466,0.088,0
CELL_0120,21.81158,79.9,5.62,0.161,0.323,0.08,0.479,328.0,9.6,0.508,-0.017,38.3,0.286,0.478,0.03,0
CELL_0121,21.81789,79.76,7.23,0.27,0.377,0.413,0.352,336.6,8.4,0.248,0.012,37.6,0.261,0.725,0.056,0
CELL_0122,21.81789,79.76737,6.69,0.387,0.436,0.267,0.412,340.2,9.9,0.247,-0.023,36.0,0.31,0.682,0.08,0
CELL_0123,21.81789,79.77474,6.21,0.39,0.418,0.359,0.172,359.5,9.0,0.31,-0.084,34.6,0.239,0.722,0.079,0
CELL_0124,21.81789,79.78211,5.81,0.6,0.682,0.466,0.361,365.9,7.2,0.304,-0.02,34.7,0.343,0.687,0.463,0
CELL_0125,21.81789,79.78947,5.51,0.459,0.415,0.283,0.231,335.0,11.9,0.331,-0.08,36.0,0.242,0.585,0.088,0
CELL_0126,21.81789,79.79684,5.31,0.319,0.337,0.331,0.493,332.3,11.4,0.316,-0.041,36.8,0.331,0.698,0.119,0
CELL_0127,21.81789,79.80421,5.23,0.52,0.486,0.28,0.355,345.4,12.1,0.289,-0.024,37.9,0.275,0.799,0.187,0
CELL_0128,21.81789,79.81158,5.28,0.371,0.356,0.325,0.349,364.6,6.1,0.345,-0.057,34.1,0.254,0.632,0.131,0
CELL_0129,21.81789,79.81895,5.45,0.393,0.448,0.321,0.497,358.0,10.6,0.368,-0.032,35.6,0.303,0.664,0.204,0
CELL_0130,21.81789,79.82632,4.97,0.416,0.469,0.02,0.308,349.1,7.2,0.404,0.077,38.1,0.389,0.542,0.06,0
CELL_0131,21.81789,79.83368,4.35,0.33,0.389,0.359,0.479,353.6,7.4,0.518,-0.028,33.4,0.329,0.501,0.221,0
CELL_0132,21.81789,79.84105,3.8,0.464,0.475,0.06,0.353,355.8,13.3,0.411,-0.055,34.9,0.278,0.672,0.137,0
CELL_0133,21.81789,79.84842,3.37,0.379,0.434,0.404,0.312,344.3,11.6,0.402,-0.058,36.8,0.214,0.439,0.256,0
CELL_0134,21.81789,79.85579,3.09,0.454,0.44,0.485,0.507,349.0,10.2,0.423,-0.022,37.5,0.326,0.514,0.539,1
CELL_0135,21.81789,79.86316,3.01,0.516,0.403,0.437,0.37,342.4,12.9,0.454,-0.126,35.5,0.256,0.45,0.423,0
CELL_0136,21.81789,79.87053,3.15,0.462,0.528,0.464,0.351,338.5,13.7,0.473,-0.072,34.6,0.293,0.545,0.431,0
CELL_0137,21.81789,79.87789,3.49,0.415,0.57,0.3,0.273,335.6,10.8,0.393,0.024,38.9,0.262,0.675,0.217,0
CELL_0138,21.81789,79.88526,3.96,0.455,0.605,0.289,0.385,347.5,13.3,0.4,-0.047,37.7,0.295,0.642,0.298,0
CELL_0139,21.81789,79.89263,4.54,0.574,0.458,0.596,0.392,347.5,12.3,0.427,0.031,37.5,0.298,0.565,0.53,1
CELL_0140,21.81789,79.9,5.18,0.386,0.458,0.407,0.341,343.0,11.4,0.415,-0.108,38.3,0.275,0.627,0.174,0
CELL_0141,21.82421,79.76,6.74,0.314,0.312,0.31,0.256,339.6,8.4,0.177,-0.037,36.5,0.288,0.937,0.038,0
CELL_0142,21.82421,79.76737,6.16,0.084,0.06,0.399,0.569,357.5,8.5,0.274,-0.0,39.6,0.312,0.769,0.052,0
CELL_0143,21.82421,79.77474,5.64,0.312,0.294,0.369,0.531,350.3,8.0,0.297,-0.01,36.8,0.315,0.683,0.141,0
CELL_0144,21.82421,79.78211,5.19,0.462,0.327,0.331,0.375,348.2,12.8,0.285,-0.176,38.0,0.261,0.815,0.155,0
CELL_0145,21.82421,79.78947,4.84,0.39,0.312,0.292,0.498,360.0,13.5,0.217,-0.108,35.5,0.257,0.743,0.182,0
CELL_0146,21.82421,79.79684,4.62,0.486,0.57,0.532,0.421,357.6,14.1,0.285,-0.073,36.2,0.27,0.744,0.499,0
CELL_0147,21.82421,79.80421,4.53,0.498,0.467,0.375,0.384,359.0,13.1,0.284,-0.014,38.0,0.244,0.772,0.314,0
CELL_0148,21.82421,79.81158,4.59,0.417,0.33,0.533,0.365,350.6,10.5,0.335,-0.075,39.4,0.289,0.67,0.286,0
CELL_0149,21.82421,79.81895,4.79,0.441,0.394,0.388,0.442,353.6,12.1,0.362,-0.044,34.2,0.26,0.622,0.261,0
CELL_0150,21.82421,79.82632,4.58,0.559,0.462,0.557,0.236,357.8,13.0,0.345,-0.049,35.7,0.278,0.749,0.401,0
CELL_0151,21.82421,79.83368,3.9,0.371,0.265,0.671,0.296,360.0,10.3,0.446,0.009,34.6,0.326,0.555,0.361,0
CELL_0152,21.82421,79.84105,3.28,0.456,0.538,0.523,0.445,355.6,13.1,0.463,-0.027,36.1,0.264,0.489,0.579,1
CELL_0153,21.82421,79.84842,2.76,0.746,0.888,0.487,0.556,342.0,16.8,0.352,-0.037,36.8,0.244,0.682,0.898,1
CELL_0154,21.82421,79.85579,2.41,0.551,0.539,0.418,0.634,339.5,12.3,0.484,0.031,36.6,0.306,0.495,0.717,1
CELL_0155,21.82421,79.86316,2.31,0.593,0.596,0.417,0.455,353.1,11.2,0.465,-0.036,34.9,0.225,0.505,0.699,1
CELL_0156,21.82421,79.87053,2.49,0.48,0.544,0.412,0.52,353.9,12.3,0.502,-0.032,37.8,0.279,0.491,0.62,1
CELL_0157,21.82421,79.87789,2.9,0.704,0.678,0.261,0.535,369.0,16.0,0.381,-0.076,35.5,0.224,0.656,0.729,1
CELL_0158,21.82421,79.88526,3.46,0.46,0.409,0.337,0.532,363.1,11.8,0.489,-0.035,36.2,0.245,0.48,0.42,0
CELL_0159,21.82421,79.89263,4.11,0.342,0.303,0.454,0.387,342.0,8.7,0.468,-0.003,37.5,0.201,0.581,0.207,0
CELL_0160,21.82421,79.9,4.81,0.246,0.45,0.18,0.47,347.9,10.1,0.423,-0.022,35.9,0.253,0.609,0.094,0
CELL_0161,21.83053,79.76,6.29,0.594,0.509,0.369,0.439,367.9,14.3,0.209,-0.029,38.4,0.263,0.821,0.314,0
CELL_0162,21.83053,79.76737,5.66,0.299,0.251,0.411,0.285,380.1,8.9,0.246,-0.026,34.5,0.279,0.796,0.101,0
CELL_0163,21.83053,79.77474,5.09,0.305,0.239,0.478,0.491,341.4,7.4,0.316,0.029,35.1,0.392,0.664,0.173,0
CELL_0164,21.83053,79.78211,4.59,0.461,0.525,0.503,0.26,376.3,13.7,0.265,-0.017,34.4,0.311,0.755,0.37,0
CELL_0165,21.83053,79.78947,4.2,0.46,0.477,0.227,0.609,362.0,5.9,0.398,-0.003,36.4,0.262,0.691,0.349,0
CELL_0166,21.83053,79.79684,3.93,0.511,0.597,0.475,0.417,357.1,9.3,0.422,0.042,35.8,0.306,0.425,0.539,1
CELL_0167,21.83053,79.80421,3.83,0.486,0.503,0.712,0.437,368.4,12.2,0.402,-0.006,36.9,0.314,0.559,0.715,1
CELL_0168,21.83053,79.81158,3.9,0.395,0.207,0.409,0.383,345.4,9.7,0.368,-0.014,36.2,0.334,0.602,0.194,0
CELL_0169,21.83053,79.81895,4.13,0.46,0.511,0.23,0.384,331.6,12.1,0.37,0.02,38.4,0.245,0.644,0.19,0
CELL_0170,21.83053,79.82632,4.27,0.394,0.263,0.406,0.43,363.9,10.1,0.366,0.075,33.3,0.401,0.608,0.241,0
CELL_0171,21.83053,79.83368,3.53,0.453,0.288,0.157,0.122,357.8,10.1,0.44,-0.106,36.1,0.248,0.609,0.08,0
CELL_0172,21.83053,79.84105,2.83,0.57,0.739,0.48,0.535,363.6,15.0,0.453,-0.001,36.6,0.325,0.443,0.807,1
CELL_0173,21.83053,79.84842,2.2,0.426,0.509,0.784,0.487,352.9,10.8,0.388,-0.016,38.9,0.38,0.625,0.824,1
CELL_0174,21.83053,79.85579,1.75,0.476,0.459,0.745,0.636,375.3,12.1,0.355,-0.045,35.2,0.223,0.718,0.907,1
CELL_0175,21.83053,79.86316,1.61,0.61,0.466,0.697,0.583,367.6,19.0,0.458,0.006,36.8,0.366,0.487,0.914,1
CELL_0176,21.83053,79.87053,1.86,0.423,0.269,0.575,0.617,358.0,9.8,0.379,-0.058,36.1,0.293,0.655,0.702,1
CELL_0177,21.83053,79.87789,2.39,0.643,0.767,0.378,0.307,352.8,15.9,0.396,-0.031,33.9,0.299,0.524,0.683,1
CELL_0178,21.83053,79.88526,3.04,0.543,0.472,0.501,0.56,357.5,13.3,0.464,0.028,34.1,0.239,0.476,0.693,1
CELL_0179,21.83053,79.89263,3.76,0.534,0.415,0.3,0.47,370.3,10.6,0.475,-0.066,34.6,0.293,0.431,0.4,0
CELL_0180,21.83053,79.9,4.51,0.452,0.401,0.357,0.327,368.0,10.8,0.436,-0.058,34.9,0.191,0.615,0.234,0
CELL_0181,21.83684,79.76,5.89,0.223,0.357,0.459,0.444,360.4,9.7,0.273,-0.028,34.3,0.279,0.747,0.132,0
CELL_0182,21.83684,79.76737,5.22,0.319,0.238,0.364,0.495,372.9,8.6,0.241,0.078,34.5,0.316,0.758,0.162,0
CELL_0183,21.83684,79.77474,4.59,0.398,0.489,0.211,0.33,363.8,9.3,0.332,-0.003,38.9,0.216,0.668,0.147,0
CELL_0184,21.83684,79.78211,4.03,0.363,0.364,0.723,0.438,370.4,10.9,0.271,-0.092,33.5,0.343,0.798,0.56,1
CELL_0185,21.83684,79.78947,3.57,0.44,0.504,0.383,0.341,368.3,14.8,0.329,-0.05,37.4,0.264,0.731,0.364,0
CELL_0186,21.83684,79.79684,3.25,0.596,0.44,0.718,0.572,369.1,13.5,0.331,-0.043,36.9,0.237,0.668,0.852,1
CELL_0187,21.83684,79.80421,3.13,0.457,0.534,0.318,0.552,366.8,10.4,0.346,-0.002,38.0,0.301,0.707,0.516,1
CELL_0188,21.83684,79.81158,3.21,0.594,0.525,0.445,0.534,358.0,12.7,0.371,-0.04,36.5,0.307,0.593,0.681,1
CELL_0189,21.83684,79.81895,3.49,0.452,0.542,0.298,0.422,353.8,12.7,0.341,-0.118,37.3,0.29,0.757,0.348,0
CELL_0190,21.83684,79.82632,3.92,0.435,0.464,0.463,0.354,358.3,13.2,0.453,-0.079,35.9,0.302,0.627,0.364,0
CELL_0191,21.83684,79.83368,3.27,0.515,0.5,0.494,0.299,368.2,10.3,0.44,-0.067,35.7,0.292,0.575,0.513,1
CELL_0192,21.83684,79.84105,2.5,0.472,0.531,0.713,0.538,370.3,10.0,0.38,-0.005,32.7,0.258,0.621,0.846,1
CELL_0193,21.83684,79.84842,1.76,0.731,0.688,0.521,0.7,362.2,13.5,0.338,-0.057,35.8,0.318,0.638,0.943,1
CELL_0194,21.83684,79.85579,1.14,0.701,0.534,0.522,0.635,358.7,13.3,0.4,-0.057,36.6,0.331,0.591,0.917,1
CELL_0195,21.83684,79.86316,0.91,0.639,0.545,0.682,0.544,356.1,13.6,0.389,-0.053,35.2,0.32,0.564,0.93,1
CELL_0196,21.83684,79.87053,1.31,0.678,0.585,0.674,0.568,374.6,12.5,0.4,-0.037,34.5,0.25,0.566,0.947,1
CELL_0197,21.83684,79.87789,1.98,0.722,0.564,0.44,0.534,384.4,18.5,0.457,-0.119,36.6,0.297,0.52,0.872,1
CELL_0198,21.83684,79.88526,2.74,0.47,0.334,0.503,0.6,353.2,11.5,0.484,-0.045,36.3,0.241,0.547,0.62,1
CELL_0199,21.83684,79.89263,3.52,0.458,0.557,0.364,0.48,373.6,10.9,0.513,0.031,33.6,0.336,0.465,0.5,0
CELL_0200,21.83684,79.9,4.31,0.436,0.448,0.396,0.378,362.1,10.3,0.421,-0.008,36.5,0.276,0.553,0.299,0
CELL_0201,21.84316,79.76,5.55,0.458,0.561,0.341,0.288,379.7,11.9,0.235,-0.042,36.0,0.315,0.738,0.221,0
CELL_0202,21.84316,79.76737,4.83,0.341,0.225,0.304,0.291,404.3,8.4,0.309,-0.027,33.8,0.246,0.695,0.127,0
CELL_0203,21.84316,79.77474,4.14,0.324,0.372,0.466,0.479,372.0,7.4,0.255,0.08,34.8,0.322,0.707,0.337,0
CELL_0204,21.84316,79.78211,3.51,0.584,0.631,0.465,0.417,386.1,13.6,0.245,-0.096,34.2,0.29,0.863,0.702,1
CELL_0205,21.84316,79.78947,2.97,0.493,0.475,0.523,0.477,354.5,16.8,0.257,-0.026,35.1,0.271,0.792,0.623,1
CELL_0206,21.84316,79.79684,2.59,0.426,0.431,0.664,0.509,359.2,10.5,0.32,-0.066,37.8,0.227,0.668,0.723,1
CELL_0207,21.84316,79.80421,2.43,0.509,0.464,0.429,0.626,368.3,11.0,0.409,0.03,35.9,0.285,0.578,0.72,1
CELL_0208,21.84316,79.81158,2.53,0.559,0.5,0.429,0.622,365.1,11.4,0.385,-0.01,33.3,0.305,0.58,0.749,1
CELL_0209,21.84316,79.81895,2.88,0.637,0.658,0.533,0.5,381.9,14.7,0.464,-0.054,36.0,0.281,0.553,0.85,1
CELL_0210,21.84316,79.82632,3.39,0.648,0.629,0.348,0.517,362.7,14.3,0.495,-0.045,35.7,0.289,0.418,0.677,1
CELL_0211,21.84316,79.83368,3.15,0.371,0.186,0.287,0.525,382.3,11.3,0.417,-0.045,35.2,0.317,0.54,0.279,0
CELL_0212,21.84316,79.84105,2.33,0.546,0.595,0.524,0.498,371.2,14.8,0.349,-0.092,35.8,0.29,0.655,0.796,1
CELL_0213,21.84316,79.84842,1.52,0.64,0.589,0.334,0.513,365.0,12.9,0.393,-0.033,35.4,0.249,0.589,0.778,1
CELL_0214,21.84316,79.85579,0.72,0.701,0.55,0.556,0.533,370.3,18.2,0.493,-0.078,36.4,0.264,0.429,0.927,1
CELL_0215,21.84316,79.86316,0.24,0.717,0.61,0.907,0.642,364.7,14.6,0.414,-0.043,36.5,0.333,0.529,0.97,1
CELL_0216,21.84316,79.87053,0.97,0.648,0.641,0.68,0.703,378.9,12.1,0.377,0.002,36.1,0.325,0.698,0.969,1
CELL_0217,21.84316,79.87789,1.78,0.772,0.773,0.637,0.632,375.2,17.0,0.469,-0.072,34.5,0.239,0.574,0.969,1
CELL_0218,21.84316,79.88526,2.59,0.556,0.619,0.366,0.428,372.0,12.4,0.554,-0.041,35.3,0.346,0.411,0.647,1
CELL_0219,21.84316,79.89263,3.41,0.534,0.646,0.445,0.508,379.4,12.4,0.41,-0.003,35.3,0.276,0.571,0.707,1
CELL_0220,21.84316,79.9,4.22,0.592,0.577,0.416,0.336,374.3,12.2,0.425,0.015,37.7,0.291,0.602,0.502,1
CELL_0221,21.84947,79.76,5.28,0.33,0.3,0.364,0.495,382.2,9.3,0.231,0.003,36.0,0.329,0.792,0.196,0
CELL_0222,21.84947,79.76737,4.52,0.398,0.469,0.297,0.316,374.2,11.1,0.27,0.011,38.0,0.362,0.779,0.197,0
CELL_0223,21.84947,79.77474,3.78,0.499,0.499,0.418,0.485,403.1,12.7,0.313,0.013,33.8,0.253,0.659,0.605,1
CELL_0224,21.84947,79.78211,3.07,0.582,0.654,0.567,0.641,385.1,12.7,0.343,-0.019,36.1,0.307,0.625,0.883,1
CELL_0225,21.84947,79.78947,2.44,0.656,0.655,0.643,0.442,385.5,11.7,0.2,0.02,33.7,0.358,0.857,0.9,1
CELL_0226,21.84947,79.79684,1.95,0.494,0.441,0.587,0.872,385.0,7.4,0.338,-0.025,37.6,0.317,0.758,0.919,1
CELL_0227,21.84947,79.80421,1.73,0.605,0.573,0.713,0.68,375.6,11.9,0.348,-0.018,36.3,0.238,0.63,0.949,1
CELL_0228,21.84947,79.81158,1.87,0.65,0.617,0.7,0.77,370.9,10.1,0.449,-0.006,34.4,0.306,0.571,0.964,1
CELL_0229,21.84947,79.81895,2.32,0.753,0.733,0.643,0.61,360.4,13.7,0.371,-0.034,36.4,0.288,0.644,0.949,1
CELL_0230,21.84947,79.82632,2.93,0.48,0.548,0.565,0.638,411.9,11.0,0.359,0.058,35.2,0.338,0.605,0.857,1
CELL_0231,21.84947,79.83368,3.18,0.489,0.551,0.435,0.406,378.4,9.8,0.39,-0.106,39.4,0.305,0.667,0.574,1
CELL_0232,21.84947,79.84105,2.38,0.534,0.454,0.439,0.495,362.2,14.3,0.378,-0.036,35.0,0.218,0.549,0.652,1
CELL_0233,21.84947,79.84842,1.59,0.802,0.805,0.818,0.619,378.6,14.4,0.431,-0.069,34.2,0.269,0.521,0.97,1
CELL_0234,21.84947,79.85579,0.85,0.622,0.705,0.49,0.605,376.6,11.4,0.435,0.009,37.5,0.29,0.519,0.929,1
CELL_0235,21.84947,79.86316,0.51,0.928,0.93,0.673,0.714,388.7,17.1,0.466,-0.072,35.0,0.193,0.577,0.97,1
CELL_0236,21.84947,79.87053,1.07,0.59,0.659,0.566,0.688,362.5,14.0,0.402,-0.023,37.7,0.272,0.659,0.935,1
CELL_0237,21.84947,79.87789,1.83,0.491,0.495,0.737,0.561,380.0,11.7,0.575,-0.004,36.5,0.229,0.404,0.898,1
CELL_0238,21.84947,79.88526,2.63,0.499,0.724,0.569,0.712,371.8,14.1,0.477,-0.113,35.2,0.218,0.475,0.894,1
CELL_0239,21.84947,79.89263,3.44,0.288,0.127,0.386,0.567,385.0,10.2,0.432,0.026,33.8,0.322,0.608,0.281,0
CELL_0240,21.84947,79.9,4.25,0.42,0.429,0.392,0.304,384.3,8.9,0.457,-0.019,35.9,0.323,0.479,0.285,0
CELL_0241,21.85579,79.76,5.1,0.308,0.403,0.425,0.504,388.0,4.8,0.247,0.112,34.2,0.273,0.792,0.286,0
CELL_0242,21.85579,79.76737,4.3,0.385,0.403,0.497,0.416,368.3,12.0,0.256,-0.057,35.6,0.305,0.73,0.358,0
CELL_0243,21.85579,79.77474,3.51,0.52,0.582,0.613,0.531,383.2,12.5,0.298,-0.043,35.7,0.338,0.77,0.796,1
CELL_0244,21.85579,79.78211,2.74,0.635,0.647,0.385,0.598,373.0,14.2,0.357,-0.02,35.6,0.346,0.634,0.805,1
CELL_0245,21.85579,79.78947,2.0,0.741,0.728,0.771,0.596,389.7,12.7,0.286,0.01,35.1,0.368,0.688,0.97,1
CELL_0246,21.85579,79.79684,1.37,0.891,0.767,0.727,0.725,403.6,20.6,0.375,-0.059,33.5,0.227,0.583,0.97,1
CELL_0247,21.85579,79.80421,1.03,0.687,0.545,0.842,0.674,377.4,17.3,0.327,-0.108,36.1,0.271,0.575,0.97,1
CELL_0248,21.85579,79.81158,1.26,0.626,0.577,0.737,0.716,374.0,13.7,0.42,-0.053,36.9,0.298,0.594,0.966,1
CELL_0249,21.85579,79.81895,1.86,0.595,0.661,0.631,0.546,368.6,15.1,0.466,-0.011,34.5,0.35,0.548,0.909,1
CELL_0250,21.85579,79.82632,2.58,0.542,0.5,0.686,0.481,389.8,11.1,0.355,0.024,36.3,0.381,0.62,0.856,1
CELL_0251,21.85579,79.83368,2.91,0.537,0.551,0.526,0.571,386.9,13.4,0.328,-0.017,36.9,0.279,0.653,0.804,1
CELL_0252,21.85579,79.84105,2.62,0.42,0.453,0.454,0.598,387.6,9.2,0.415,-0.033,35.1,0.344,0.558,0.684,1
CELL_0253,21.85579,79.84842,1.93,0.542,0.491,0.639,0.647,379.3,13.0,0.485,-0.118,35.8,0.272,0.481,0.899,1
CELL_0254,21.85579,79.85579,1.38,0.537,0.534,0.734,0.647,380.5,7.7,0.479,0.016,37.3,0.265,0.575,0.942,1
CELL_0255,21.85579,79.86316,1.2,0.641,0.845,0.503,0.401,365.4,15.0,0.477,-0.078,33.8,0.219,0.578,0.897,1
CELL_0256,21.85579,79.87053,1.53,0.459,0.479,0.473,0.588,388.2,11.2,0.411,0.014,37.7,0.291,0.565,0.798,1
CELL_0257,21.85579,79.87789,2.13,0.39,0.522,0.524,0.47,374.6,9.9,0.424,-0.049,35.0,0.322,0.553,0.678,1
CELL_0258,21.85579,79.88526,2.85,0.559,0.604,0.442,0.379,379.6,13.4,0.437,-0.051,35.9,0.28,0.55,0.669,1
CELL_0259,21.85579,79.89263,3.6,0.26,0.362,0.394,0.4,380.9,6.6,0.437,0.045,35.3,0.254,0.638,0.251,0
CELL_0260,21.85579,79.9,4.38,0.544,0.552,0.382,0.363,393.0,16.3,0.372,-0.093,32.6,0.247,0.635,0.473,0
CELL_0261,21.86211,79.76,5.01,0.502,0.377,0.463,0.305,392.1,10.5,0.26,-0.009,34.2,0.298,0.739,0.333,0
CELL_0262,21.86211,79.76737,4.19,0.572,0.523,0.439,0.392,397.9,11.3,0.215,-0.046,37.2,0.303,0.814,0.58,1
CELL_0263,21.86211,79.77474,3.37,0.476,0.365,0.622,0.571,379.7,13.6,0.3,-0.041,35.0,0.211,0.629,0.72,1
CELL_0264,21.86211,79.78211,2.56,0.679,0.678,0.461,0.542,393.1,16.4,0.32,-0.071,35.2,0.296,0.678,0.88,1
CELL_0265,21.86211,79.78947,1.75,0.823,0.795,0.839,0.664,381.5,16.2,0.352,-0.042,36.3,0.289,0.677,0.97,1
CELL_0266,21.86211,79.79684,0.96,0.936,0.785,0.792,0.818,370.7,14.1,0.354,-0.008,33.6,0.297,0.642,0.97,1
CELL_0267,21.86211,79.80421,0.33,0.98,0.98,0.99,0.805,393.7,15.7,0.238,-0.01,35.8,0.331,0.779,0.97,1
CELL_0268,21.86211,79.81158,0.8,0.875,0.843,0.901,0.778,389.1,17.3,0.381,-0.09,33.2,0.288,0.689,0.97,1
CELL_0269,21.86211,79.81895,1.58,0.858,0.879,0.959,0.669,382.9,16.7,0.403,-0.048,32.3,0.283,0.587,0.97,1
CELL_0270,21.86211,79.82632,2.39,0.456,0.45,0.522,0.626,401.2,10.7,0.397,0.004,34.6,0.324,0.577,0.805,1
CELL_0271,21.86211,79.83368,2.21,0.644,0.53,0.665,0.516,390.2,12.5,0.405,-0.053,34.0,0.338,0.588,0.911,1
CELL_0272,21.86211,79.84105,2.31,0.747,0.804,0.6,0.759,386.3,13.9,0.369,-0.099,35.8,0.268,0.635,0.97,1
CELL_0273,21.86211,79.84842,2.42,0.579,0.535,0.63,0.453,394.8,12.7,0.386,0.013,35.5,0.389,0.588,0.857,1
CELL_0274,21.86211,79.85579,2.02,0.483,0.499,0.563,0.584,401.2,9.9,0.426,0.044,33.7,0.337,0.698,0.852,1
CELL_0275,21.86211,79.86316,1.9,0.685,0.651,0.325,0.631,385.1,14.7,0.443,0.001,34.0,0.222,0.505,0.868,1
CELL_0276,21.86211,79.87053,2.12,0.573,0.525,0.517,0.594,399.4,15.9,0.446,-0.092,34.7,0.258,0.547,0.871,1
CELL_0277,21.86211,79.87789,2.59,0.587,0.534,0.596,0.363,391.6,12.7,0.437,0.08,31.6,0.32,0.498,0.795,1
CELL_0278,21.86211,79.88526,3.21,0.537,0.484,0.344,0.52,395.2,10.9,0.478,-0.09,35.3,0.249,0.434,0.616,1
CELL_0279,21.86211,79.89263,3.89,0.436,0.618,0.284,0.302,395.0,13.2,0.458,-0.063,32.5,0.236,0.63,0.345,0
CELL_0280,21.86211,79.9,4.63,0.541,0.591,0.381,0.341,389.1,13.3,0.516,-0.071,31.4,0.237,0.511,0.443,0
CELL_0281,21.86842,79.76,5.01,0.4,0.355,0.358,0.396,401.4,12.4,0.253,0.008,32.8,0.334,0.695,0.252,0
CELL_0282,21.86842,79.76737,4.19,0.491,0.422,0.509,0.46,403.0,12.4,0.241,0.031,34.2,0.224,0.768,0.586,1
CELL_0283,21.86842,79.77474,3.38,0.506,0.513,0.42,0.374,402.7,13.1,0.274,-0.045,34.4,0.274,0.691,0.575,1
CELL_0284,21.86842,79.78211,2.57,0.45,0.458,0.533,0.462,392.5,13.4,0.365,-0.042,37.3,0.262,0.686,0.699,1
CELL_0285,21.86842,79.78947,1.76,0.641,0.572,0.716,0.8,403.1,11.7,0.39,-0.063,34.7,0.236,0.649,0.97,1
CELL_0286,21.86842,79.79684,0.98,0.788,0.77,0.99,0.641,392.6,21.1,0.397,-0.132,34.8,0.258,0.653,0.97,1
CELL_0287,21.86842,79.80421,0.39,0.769,0.731,0.767,0.917,400.0,11.1,0.379,-0.065,33.4,0.258,0.529,0.97,1
CELL_0288,21.86842,79.81158,0.82,0.775,0.772,0.99,0.663,414.0,17.7,0.467,-0.04,31.8,0.291,0.474,0.97,1
CELL_0289,21.86842,79.81895,1.59,0.559,0.607,0.727,0.804,371.9,10.5,0.376,-0.014,34.5,0.255,0.651,0.963,1
CELL_0290,21.86842,79.82632,1.79,0.762,0.565,0.51,0.683,396.2,14.2,0.475,0.034,35.1,0.312,0.57,0.948,1
CELL_0291,21.86842,79.83368,1.51,0.703,0.75,0.769,0.552,396.6,10.7,0.365,0.07,34.8,0.364,0.523,0.97,1
CELL_0292,21.86842,79.84105,1.65,0.56,0.344,0.598,0.705,391.2,14.7,0.447,-0.021,36.7,0.283,0.507,0.899,1
CELL_0293,21.86842,79.84842,2.12,0.59,0.71,0.739,0.658,388.8,15.1,0.382,-0.052,34.2,0.257,0.626,0.96,1
CELL_0294,21.86842,79.85579,2.69,0.498,0.455,0.463,0.429,406.5,11.1,0.435,-0.014,33.7,0.365,0.627,0.679,1
CELL_0295,21.86842,79.86316,2.6,0.576,0.711,0.446,0.577,391.8,11.8,0.481,-0.015,35.9,0.217,0.473,0.852,1
CELL_0296,21.86842,79.87053,2.77,0.542,0.528,0.4,0.513,396.7,12.4,0.436,-0.002,35.1,0.318,0.597,0.716,1
CELL_0297,21.86842,79.87789,3.14,0.591,0.706,0.402,0.416,416.5,9.9,0.547,-0.006,31.5,0.305,0.403,0.776,1
CELL_0298,21.86842,79.88526,3.66,0.378,0.426,0.417,0.527,391.0,11.6,0.457,-0.045,35.4,0.265,0.542,0.481,0
CELL_0299,21.86842,79.89263,4.28,0.392,0.392,0.257,0.336,393.3,7.8,0.456,-0.09,32.8,0.293,0.585,0.2,0
CELL_0300,21.86842,79.9,4.95,0.284,0.222,0.427,0.315,406.8,7.7,0.471,-0.017,33.3,0.372,0.524,0.163,0
CELL_0301,21.87474,79.76,5.11,0.465,0.498,0.5,0.348,410.5,9.8,0.239,0.01,32.4,0.262,0.845,0.456,0
CELL_0302,21.87474,79.76737,4.31,0.41,0.445,0.432,0.409,401.1,8.3,0.271,0.019,34.5,0.337,0.726,0.416,0
CELL_0303,21.87474,79.77474,3.53,0.481,0.595,0.586,0.639,409.2,12.7,0.322,-0.059,34.5,0.271,0.666,0.849,1
CELL_0304,21.87474,79.78211,2.76,0.614,0.716,0.507,0.554,404.4,10.8,0.287,0.059,33.2,0.303,0.686,0.891,1
CELL_0305,21.87474,79.78947,2.03,0.575,0.515,0.771,0.553,406.5,12.0,0.307,0.047,33.8,0.365,0.633,0.941,1
CELL_0306,21.87474,79.79684,1.41,0.848,0.92,0.615,0.627,413.6,18.9,0.298,0.016,34.3,0.272,0.702,0.97,1
CELL_0307,21.87474,79.80421,1.08,0.809,0.722,0.876,0.662,394.9,10.9,0.405,-0.005,33.9,0.32,0.673,0.97,1
CELL_0308,21.87474,79.81158,1.3,0.833,0.86,0.791,0.651,400.6,19.6,0.468,-0.109,34.2,0.307,0.577,0.97,1
CELL_0309,21.87474,79.81895,1.89,0.81,0.751,0.478,0.537,403.1,14.6,0.325,-0.097,35.0,0.288,0.637,0.95,1
CELL_0310,21.87474,79.82632,1.26,0.894,0.86,0.938,0.755,413.4,18.4,0.438,-0.024,34.5,0.333,0.487,0.97,1
CELL_0311,21.87474,79.83368,0.82,0.767,0.709,0.782,0.95,406.1,13.8,0.432,-0.003,34.3,0.344,0.535,0.97,1
CELL_0312,21.87474,79.84105,1.05,0.9,0.792,0.843,0.777,404.5,17.9,0.379,-0.134,32.6,0.274,0.63,0.97,1
CELL_0313,21.87474,79.84842,1.69,0.772,0.728,0.714,0.617,375.5,15.8,0.458,-0.099,36.1,0.258,0.615,0.97,1
CELL_0314,21.87474,79.85579,2.44,0.66,0.664,0.568,0.609,388.2,9.8,0.484,-0.072,34.7,0.299,0.596,0.921,1
CELL_0315,21.87474,79.86316,3.23,0.534,0.494,0.435,0.581,380.1,12.8,0.459,-0.035,35.9,0.299,0.582,0.694,1
CELL_0316,21.87474,79.87053,3.43,0.511,0.443,0.185,0.45,415.4,8.8,0.461,-0.1,33.7,0.223,0.556,0.42,0
CELL_0317,21.87474,79.87789,3.74,0.368,0.381,0.43,0.436,412.8,8.7,0.413,-0.046,33.3,0.243,0.565,0.446,0
CELL_0318,21.87474,79.88526,4.19,0.336,0.332,0.396,0.212,397.3,9.6,0.463,-0.013,34.8,0.407,0.547,0.186,0
CELL_0319,21.87474,79.89263,4.74,0.502,0.52,0.176,0.426,402.0,11.8,0.443,-0.074,35.9,0.306,0.703,0.292,0
CELL_0320,21.87474,79.9,5.36,0.329,0.334,0.431,0.341,395.8,10.4,0.495,-0.024,35.5,0.292,0.412,0.193,0
CELL_0321,21.88105,79.76,5.3,0.261,0.096,0.362,0.228,415.0,4.6,0.207,0.043,34.9,0.207,0.79,0.078,0
CELL_0322,21.88105,79.76737,4.54,0.623,0.714,0.081,0.31,386.1,14.0,0.29,0.006,31.6,0.308,0.72,0.298,0
CELL_0323,21.88105,79.77474,3.8,0.382,0.472,0.401,0.303,398.3,10.8,0.327,-0.042,32.9,0.306,0.609,0.348,0
CELL_0324,21.88105,79.78211,3.1,0.586,0.545,0.569,0.515,389.6,12.4,0.315,0.02,34.1,0.267,0.647,0.819,1
CELL_0325,21.88105,79.78947,2.48,0.499,0.406,0.745,0.606,410.3,13.6,0.256,-0.034,32.8,0.378,0.767,0.904,1
CELL_0326,21.88105,79.79684,2.0,0.638,0.688,0.604,0.581,411.2,14.2,0.293,-0.05,33.0,0.296,0.75,0.946,1
CELL_0327,21.88105,79.80421,1.78,0.631,0.698,0.697,0.593,399.8,14.0,0.385,0.003,36.6,0.273,0.618,0.961,1
CELL_0328,21.88105,79.81158,1.93,0.715,0.609,0.696,0.594,408.8,14.5,0.346,-0.029,36.4,0.236,0.606,0.965,1
CELL_0329,21.88105,79.81895,1.78,0.761,0.726,0.627,0.557,405.8,17.6,0.405,-0.041,31.7,0.299,0.56,0.967,1
CELL_0330,21.88105,79.82632,0.97,0.959,0.98,0.889,0.734,407.8,18.6,0.489,-0.116,33.1,0.301,0.521,0.97,1
CELL_0331,21.88105,79.83368,0.18,0.98,0.98,0.99,0.932,417.0,20.7,0.362,-0.059,35.8,0.259,0.619,0.97,1
CELL_0332,21.88105,79.84105,0.68,0.98,0.978,0.887,0.927,422.7,17.6,0.333,0.009,34.1,0.311,0.618,0.97,1
CELL_0333,21.88105,79.84842,1.49,0.98,0.937,0.824,0.666,415.1,21.0,0.452,-0.055,34.2,0.352,0.551,0.97,1
CELL_0334,21.88105,79.85579,2.31,0.652,0.793,0.695,0.61,410.6,13.2,0.462,0.017,34.8,0.327,0.532,0.968,1
CELL_0335,21.88105,79.86316,3.13,0.419,0.5,0.565,0.384,427.0,9.5,0.494,-0.055,32.6,0.296,0.509,0.704,1
CELL_0336,21.88105,79.87053,3.94,0.43,0.503,0.431,0.413,421.4,8.7,0.405,-0.047,34.3,0.183,0.55,0.545,1
CELL_0337,21.88105,79.87789,4.37,0.383,0.426,0.409,0.534,429.7,8.5,0.51,0.022,33.6,0.278,0.575,0.518,1
CELL_0338,21.88105,79.88526,4.76,0.52,0.532,0.342,0.476,408.3,13.3,0.411,-0.106,36.5,0.224,0.597,0.493,0
CELL_0339,21.88105,79.89263,5.25,0.314,0.311,0.379,0.412,413.2,9.5,0.461,-0.01,33.7,0.294,0.555,0.215,0
CELL_0340,21.88105,79.9,5.81,0.247,0.256,0.33,0.199,437.4,5.1,0.482,0.03,34.1,0.346,0.539,0.087,0
CELL_0341,21.88737,79.76,5.58,0.305,0.155,0.499,0.4,420.9,8.0,0.159,0.046,34.2,0.259,0.803,0.215,0
CELL_0342,21.88737,79.76737,4.86,0.539,0.61,0.193,0.404,426.3,12.8,0.238,-0.036,32.0,0.276,0.865,0.405,0
CELL_0343,21.88737,79.77474,4.18,0.46,0.451,0.548,0.455,424.8,11.8,0.32,-0.034,31.1,0.259,0.721,0.657,1
CELL_0344,21.88737,79.78211,3.55,0.478,0.418,0.364,0.345,408.5,12.5,0.31,0.037,34.1,0.31,0.709,0.437,0
CELL_0345,21.88737,79.78947,3.02,0.504,0.341,0.564,0.677,400.1,16.6,0.28,-0.064,34.7,0.315,0.692,0.803,1
CELL_0346,21.88737,79.79684,2.64,0.693,0.648,0.563,0.56,415.9,17.2,0.346,-0.006,33.7,0.288,0.722,0.93,1
CELL_0347,21.88737,79.80421,2.48,0.561,0.486,0.717,0.534,409.7,12.7,0.327,0.006,34.7,0.334,0.662,0.909,1
CELL_0348,21.88737,79.81158,2.59,0.548,0.477,0.638,0.695,422.1,12.3,0.36,0.024,32.5,0.28,0.586,0.924,1
CELL_0349,21.88737,79.81895,1.88,0.589,0.562,0.653,0.72,418.7,15.0,0.387,-0.004,34.2,0.341,0.641,0.958,1
CELL_0350,21.88737,79.82632,1.13,0.74,0.773,0.859,0.659,432.2,11.2,0.398,0.013,34.0,0.321,0.576,0.97,1
CELL_0351,21.88737,79.83368,0.61,0.98,0.816,0.938,0.811,431.6,17.6,0.389,-0.107,32.6,0.297,0.616,0.97,1
CELL_0352,21.88737,79.84105,0.9,0.847,0.805,0.629,0.703,393.5,15.8,0.511,-0.014,34.1,0.342,0.507,0.97,1
CELL_0353,21.88737,79.84842,1.6,0.86,0.837,0.612,0.741,409.9,14.7,0.383,-0.045,30.9,0.319,0.558,0.97,1
CELL_0354,21.88737,79.85579,2.38,0.538,0.381,0.468,0.57,399.5,12.0,0.452,-0.034,36.4,0.285,0.463,0.765,1
CELL_0355,21.88737,79.86316,3.18,0.538,0.65,0.562,0.622,425.7,15.9,0.345,-0.062,34.0,0.285,0.617,0.898,1
CELL_0356,21.88737,79.87053,3.99,0.522,0.438,0.321,0.45,392.3,15.2,0.451,-0.101,33.5,0.305,0.565,0.44,0
CELL_0357,21.88737,79.87789,4.8,0.328,0.35,0.532,0.36,427.1,13.4,0.417,-0.04,35.3,0.357,0.611,0.38,0
CELL_0358,21.88737,79.88526,5.37,0.273,0.266,0.497,0.161,422.5,11.7,0.417,0.089,35.3,0.303,0.612,0.147,0
CELL_0359,21.88737,79.89263,5.8,0.382,0.393,0.337,0.232,409.6,8.6,0.428,0.007,33.0,0.287,0.623,0.142,0
CELL_0360,21.88737,79.9,6.32,0.503,0.442,0.301,0.243,430.5,13.1,0.407,-0.044,31.8,0.304,0.655,0.201,0
CELL_0361,21.89368,79.76,5.92,0.396,0.364,0.403,0.275,417.1,9.9,0.214,-0.03,31.2,0.282,0.72,0.194,0
CELL_0362,21.89368,79.76737,5.25,0.456,0.374,0.239,0.421,421.3,9.6,0.191,-0.016,31.4,0.334,0.765,0.249,0
CELL_0363,21.89368,79.77474,4.63,0.568,0.582,0.495,0.473,429.0,12.0,0.323,0.01,33.8,0.326,0.674,0.733,1
CELL_0364,21.89368,79.78211,4.07,0.517,0.689,0.541,0.501,433.8,10.9,0.294,0.011,33.2,0.355,0.719,0.824,1
CELL_0365,21.89368,79.78947,3.62,0.437,0.481,0.547,0.487,417.3,11.5,0.32,0.011,34.2,0.296,0.635,0.699,1
CELL_0366,21.89368,79.79684,3.31,0.549,0.48,0.461,0.523,429.3,13.5,0.373,-0.072,32.1,0.264,0.574,0.774,1
CELL_0367,21.89368,79.80421,3.19,0.587,0.571,0.501,0.467,436.3,14.3,0.387,-0.011,33.8,0.271,0.63,0.836,1
CELL_0368,21.89368,79.81158,2.91,0.569,0.529,0.386,0.681,416.8,16.6,0.423,-0.094,35.0,0.284,0.579,0.83,1
CELL_0369,21.89368,79.81895,2.2,0.714,0.721,0.712,0.64,419.7,13.2,0.404,-0.013,32.7,0.367,0.576,0.97,1
CELL_0370,21.89368,79.82632,1.62,0.689,0.75,0.752,0.647,420.8,12.3,0.415,-0.054,32.6,0.273,0.657,0.97,1
CELL_0371,21.89368,79.83368,1.31,0.792,0.795,0.594,0.678,427.5,18.5,0.421,-0.109,33.1,0.267,0.555,0.97,1
CELL_0372,21.89368,79.84105,1.46,0.798,0.723,0.591,0.745,435.6,18.3,0.385,-0.039,31.8,0.323,0.565,0.97,1
CELL_0373,21.89368,79.84842,1.98,0.687,0.586,0.812,0.828,430.7,14.6,0.349,-0.013,34.1,0.364,0.672,0.97,1
CELL_0374,21.89368,79.85579,2.65,0.589,0.639,0.581,0.552,426.3,13.3,0.405,-0.022,32.2,0.261,0.605,0.915,1
CELL_0375,21.89368,79.86316,3.38,0.417,0.492,0.333,0.494,400.5,12.2,0.474,0.008,35.8,0.34,0.572,0.497,0
CELL_0376,21.89368,79.87053,4.15,0.613,0.513,0.409,0.521,406.7,14.2,0.533,-0.098,32.8,0.266,0.469,0.689,1
CELL_0377,21.89368,79.87789,4.93,0.384,0.517,0.507,0.292,421.1,11.1,0.471,-0.048,32.4,0.245,0.514,0.41,0
CELL_0378,21.89368,79.88526,5.73,0.603,0.65,0.146,0.454,428.2,17.6,0.409,-0.09,33.2,0.249,0.564,0.398,0
CELL_0379,21.89368,79.89263,6.38,0.142,0.179,0.211,0.372,416.5,2.7,0.496,-0.02,33.2,0.253,0.435,0.04,0
CELL_0380,21.89368,79.9,6.86,0.236,0.355,0.401,0.346,433.5,8.3,0.446,-0.036,32.1,0.2,0.567,0.127,0
CELL_0381,21.9,79.76,6.33,0.341,0.282,0.372,0.283,417.2,7.2,0.26,-0.019,35.8,0.296,0.771,0.12,0
CELL_0382,21.9,79.76737,5.7,0.451,0.465,0.618,0.284,410.6,9.4,0.301,-0.003,32.7,0.306,0.638,0.436,0
CELL_0383,21.9,79.77474,5.14,0.314,0.257,0.333,0.454,416.4,8.4,0.29,-0.029,35.8,0.343,0.882,0.201,0
CELL_0384,21.9,79.78211,4.64,0.526,0.419,0.552,0.343,451.6,17.3,0.212,-0.079,32.9,0.277,0.743,0.647,1
CELL_0385,21.9,79.78947,4.25,0.533,0.545,0.44,0.481,413.4,12.9,0.288,-0.052,34.4,0.294,0.657,0.653,1
CELL_0386,21.9,79.79684,3.99,0.492,0.46,0.315,0.37,426.1,10.5,0.349,0.012,32.3,0.294,0.619,0.45,0
CELL_0387,21.9,79.80421,3.89,0.682,0.6,0.281,0.454,410.0,13.0,0.38,-0.043,35.0,0.273,0.562,0.663,1
CELL_0388,21.9,79.81158,3.28,0.467,0.394,0.691,0.464,433.2,14.7,0.37,-0.025,34.0,0.252,0.552,0.815,1
CELL_0389,21.9,79.81895,2.68,0.537,0.513,0.513,0.462,435.0,10.3,0.327,-0.042,32.2,0.346,0.743,0.824,1
CELL_0390,21.9,79.82632,2.22,0.701,0.726,0.62,0.503,445.1,12.9,0.457,0.006,33.4,0.293,0.571,0.963,1
CELL_0391,21.9,79.83368,2.0,0.765,0.847,0.866,0.575,441.4,15.8,0.441,-0.005,33.7,0.292,0.598,0.97,1
CELL_0392,21.9,79.84105,2.11,0.791,0.76,0.81,0.555,434.2,14.3,0.495,-0.137,35.1,0.259,0.491,0.97,1
CELL_0393,21.9,79.84842,2.49,0.579,0.489,0.571,0.64,430.0,17.0,0.505,-0.047,31.2,0.278,0.479,0.913,1
CELL_0394,21.9,79.85579,3.05,0.396,0.61,0.604,0.535,420.5,12.4,0.429,-0.041,33.5,0.329,0.558,0.823,1
CELL_0395,21.9,79.86316,3.71,0.72,0.698,0.339,0.229,433.6,16.0,0.476,-0.055,31.5,0.372,0.467,0.704,1
CELL_0396,21.9,79.87053,4.42,0.436,0.405,0.289,0.391,431.9,10.0,0.449,-0.023,36.0,0.277,0.565,0.35,0
CELL_0397,21.9,79.87789,5.16,0.491,0.669,0.454,0.419,427.4,16.0,0.487,-0.068,34.6,0.308,0.62,0.608,1
CELL_0398,21.9,79.88526,5.93,0.576,0.624,0.297,0.399,433.2,11.8,0.386,-0.047,35.2,0.224,0.594,0.452,0
CELL_0399,21.9,79.89263,6.7,0.331,0.264,0.447,0.282,429.4,6.6,0.472,-0.03,30.7,0.321,0.515,0.141,0
CELL_0400,21.9,79.9,7.42,0.204,0.357,0.329,0.255,429.2,6.3,0.515,-0.003,34.4,0.204,0.451,0.059,0
